[{"_allAttributes":null,"_properties":null,"_methods":null,"file":"c:/Users/crfilho/OneDrive - Capgemini/Documents/Academy Project/LWCrentCar/force-app/main/default/lwc/addCarExperience/addCarExperience.js","metadata":{"decorators":[{"type":"api","targets":[{"type":"property","name":"carId","value":{"type":"unresolved"}}]}],"declarationLoc":{"start":{"line":9,"column":0},"end":{"line":48,"column":1}},"classMembers":[{"type":"property","name":"carId","loc":{"start":{"line":11,"column":4},"end":{"line":11,"column":15}},"decorator":"api","value":{"type":"unresolved"}},{"type":"property","name":"expTitle","loc":{"start":{"line":13,"column":4},"end":{"line":13,"column":17}}},{"type":"property","name":"expDescription","loc":{"start":{"line":14,"column":4},"end":{"line":14,"column":23}}},{"type":"method","name":"handleTitleChange","loc":{"start":{"line":15,"column":4},"end":{"line":17,"column":5}}},{"type":"method","name":"handleDescriptionChange","loc":{"start":{"line":19,"column":4},"end":{"line":21,"column":5}}},{"type":"method","name":"addExperience","loc":{"start":{"line":23,"column":4},"end":{"line":38,"column":5}}},{"type":"method","name":"showToast","loc":{"start":{"line":40,"column":4},"end":{"line":47,"column":5}}}],"exports":[{"type":"ExportDefaultDeclaration"}]},"updatedAt":"2022-02-24T16:57:55.205Z"},{"_allAttributes":null,"_properties":null,"_methods":null,"file":"c:/Users/crfilho/OneDrive - Capgemini/Documents/Academy Project/LWCrentCar/force-app/main/default/lwc/carSearch/carSearch.js","metadata":{"decorators":[{"type":"track","targets":[{"name":"carTypeId","type":"property"}]}],"declarationLoc":{"start":{"line":3,"column":0},"end":{"line":9,"column":1}},"classMembers":[{"type":"property","name":"carTypeId","loc":{"start":{"line":5,"column":4},"end":{"line":5,"column":26}},"decorator":"track"},{"type":"method","name":"carTypeSelectHandler","loc":{"start":{"line":6,"column":4},"end":{"line":8,"column":5}}}],"exports":[{"type":"ExportDefaultDeclaration"}]},"updatedAt":"2022-02-24T16:57:55.256Z"},{"_allAttributes":null,"_properties":null,"_methods":null,"file":"c:/Users/crfilho/OneDrive - Capgemini/Documents/Academy Project/LWCrentCar/force-app/main/default/lwc/carSearchForm/carSearchForm.js","metadata":{"decorators":[{"type":"wire","targets":[{"name":"wiredCarType","adapter":{"name":"getCarTypes","reference":"@salesforce/apex/CarSearchFormController.getCarTypes"},"type":"method"}]},{"type":"track","targets":[{"name":"carTypes","type":"property"}]}],"exports":[{"type":"ExportDefaultDeclaration"}]},"updatedAt":"2022-02-24T16:57:55.262Z"},{"_allAttributes":null,"_properties":null,"_methods":null,"file":"c:/Users/crfilho/OneDrive - Capgemini/Documents/Academy Project/LWCrentCar/force-app/main/default/lwc/auraPubsub/auraPubsub.js","metadata":{"decorators":[{"type":"api","targets":[{"type":"method","name":"registerListener"},{"type":"method","name":"unregisterListener"},{"type":"method","name":"unregisterAllListeners"},{"type":"method","name":"fireEvent"}]},{"type":"wire","targets":[{"name":"pageRef","adapter":{"name":"CurrentPageReference","reference":"lightning/navigation"},"type":"property"}]}],"declarationLoc":{"start":{"line":20,"column":0},"end":{"line":46,"column":1}},"classMembers":[{"type":"property","name":"pageRef","loc":{"start":{"line":21,"column":4},"end":{"line":21,"column":40}},"decorator":"wire"},{"type":"method","name":"connectedCallback","loc":{"start":{"line":23,"column":4},"end":{"line":25,"column":5}}},{"type":"method","name":"registerListener","loc":{"start":{"line":27,"column":4},"end":{"line":30,"column":5}},"decorator":"api"},{"type":"method","name":"unregisterListener","loc":{"start":{"line":32,"column":4},"end":{"line":35,"column":5}},"decorator":"api"},{"type":"method","name":"unregisterAllListeners","loc":{"start":{"line":37,"column":4},"end":{"line":40,"column":5}},"decorator":"api"},{"type":"method","name":"fireEvent","loc":{"start":{"line":42,"column":4},"end":{"line":45,"column":5}},"decorator":"api"}],"exports":[{"type":"ExportDefaultDeclaration"}]},"updatedAt":"2022-02-24T16:57:55.209Z"},{"_allAttributes":null,"_properties":null,"_methods":null,"file":"c:/Users/crfilho/OneDrive - Capgemini/Documents/Academy Project/LWCrentCar/force-app/main/default/lwc/carDetail/carDetail.js","metadata":{"decorators":[{"type":"api","targets":[{"type":"property","name":"car","value":{"type":"unresolved"}}]}],"exports":[{"type":"ExportDefaultDeclaration"}]},"updatedAt":"2022-02-24T16:57:55.223Z"},{"_allAttributes":null,"_properties":null,"_methods":null,"file":"c:/Users/crfilho/OneDrive - Capgemini/Documents/Academy Project/LWCrentCar/force-app/main/default/lwc/carDetails/carDetails.js","metadata":{"decorators":[{"type":"wire","targets":[{"name":"pageRef","adapter":{"name":"CurrentPageReference","reference":"lightning/navigation"},"type":"property"},{"name":"car","adapter":{"name":"getRecord","reference":"lightning/uiRecordApi"},"type":"property","static":{"fields":{"type":"unresolved","value":"identifier"}},"params":{"recordId":"carId"}}]},{"type":"track","targets":[{"name":"carId","type":"property"},{"name":"selectedTabValue","type":"property"}]}],"declarationLoc":{"start":{"line":30,"column":0},"end":{"line":71,"column":1}},"classMembers":[{"type":"property","name":"carId","loc":{"start":{"line":32,"column":4},"end":{"line":32,"column":17}},"decorator":"track"},{"type":"property","name":"selectedTabValue","loc":{"start":{"line":33,"column":4},"end":{"line":33,"column":28}},"decorator":"track"},{"type":"property","name":"pageRef","loc":{"start":{"line":35,"column":4},"end":{"line":35,"column":40}},"decorator":"wire"},{"type":"property","name":"car","loc":{"start":{"line":37,"column":4},"end":{"line":38,"column":8}},"decorator":"wire"},{"type":"method","name":"connectedCallback","loc":{"start":{"line":40,"column":4},"end":{"line":42,"column":5}}},{"type":"method","name":"callBackMethod","loc":{"start":{"line":44,"column":4},"end":{"line":46,"column":5}}},{"type":"method","name":"disconnectedCallback","loc":{"start":{"line":48,"column":4},"end":{"line":50,"column":5}}},{"type":"method","name":"tabChangeHandler","loc":{"start":{"line":52,"column":4},"end":{"line":54,"column":5}}},{"type":"method","name":"experienceAddedHandler","loc":{"start":{"line":56,"column":4},"end":{"line":63,"column":5}}},{"type":"property","name":"carFound","loc":{"start":{"line":65,"column":4},"end":{"line":70,"column":5}}}],"exports":[{"type":"ExportDefaultDeclaration"}]},"updatedAt":"2022-02-24T16:57:55.236Z"},{"_allAttributes":null,"_properties":null,"_methods":null,"file":"c:/Users/crfilho/OneDrive - Capgemini/Documents/Academy Project/LWCrentCar/force-app/main/default/lwc/carExperiences/carExperiences.js","metadata":{"decorators":[{"type":"api","targets":[{"type":"property","name":"carId"},{"type":"method","name":"getCarExperiences"}]},{"type":"track","targets":[{"name":"carExperiences","type":"property"}]}],"exports":[{"type":"ExportDefaultDeclaration"}]},"updatedAt":"2022-02-24T16:57:55.244Z"},{"_allAttributes":null,"_properties":null,"_methods":null,"file":"c:/Users/crfilho/OneDrive - Capgemini/Documents/Academy Project/LWCrentCar/force-app/main/default/lwc/carLocation/carLocation.js","metadata":{"decorators":[{"type":"wire","targets":[{"name":"pageRef","adapter":{"name":"CurrentPageReference","reference":"lightning/navigation"},"type":"property"}]},{"type":"track","targets":[{"name":"car","type":"property"}]}],"declarationLoc":{"start":{"line":8,"column":0},"end":{"line":76,"column":1}},"classMembers":[{"type":"property","name":"car","loc":{"start":{"line":9,"column":4},"end":{"line":9,"column":15}},"decorator":"track"},{"type":"property","name":"pageRef","loc":{"start":{"line":11,"column":4},"end":{"line":11,"column":40}},"decorator":"wire"},{"type":"property","name":"leafletLoaded","loc":{"start":{"line":13,"column":4},"end":{"line":13,"column":26}}},{"type":"property","name":"leafletMap","loc":{"start":{"line":14,"column":4},"end":{"line":14,"column":15}}},{"type":"method","name":"connectedCallback","loc":{"start":{"line":16,"column":4},"end":{"line":18,"column":5}}},{"type":"method","name":"disconnectedCallback","loc":{"start":{"line":20,"column":4},"end":{"line":22,"column":5}}},{"type":"method","name":"renderedCallback","loc":{"start":{"line":24,"column":4},"end":{"line":35,"column":5}}},{"type":"method","name":"fetchCarDetails","loc":{"start":{"line":38,"column":4},"end":{"line":58,"column":5}}},{"type":"method","name":"showToast","loc":{"start":{"line":60,"column":4},"end":{"line":67,"column":5}}},{"type":"property","name":"hasCar","loc":{"start":{"line":69,"column":4},"end":{"line":74,"column":5}}}],"exports":[{"type":"ExportDefaultDeclaration"}]},"updatedAt":"2022-02-24T16:57:55.252Z"},{"_allAttributes":null,"_properties":null,"_methods":null,"file":"c:/Users/crfilho/OneDrive - Capgemini/Documents/Academy Project/LWCrentCar/force-app/main/default/lwc/carSearchResult/carSearchResult.js","metadata":{"decorators":[{"type":"api","targets":[{"type":"property","name":"carTypeId","value":{"type":"unresolved"}}]},{"type":"wire","targets":[{"name":"wiredCars","adapter":{"name":"getCars","reference":"@salesforce/apex/CarSearchResultController.getCars"},"type":"method","static":{},"params":{"carTypeId":"carTypeId"}}]},{"type":"track","targets":[{"name":"cars","type":"property"},{"name":"selectedCarId","type":"property"}]}],"declarationLoc":{"start":{"line":6,"column":0},"end":{"line":41,"column":1}},"classMembers":[{"type":"property","name":"carTypeId","loc":{"start":{"line":7,"column":4},"end":{"line":7,"column":19}},"decorator":"api","value":{"type":"unresolved"}},{"type":"property","name":"cars","loc":{"start":{"line":9,"column":4},"end":{"line":9,"column":16}},"decorator":"track"},{"type":"property","name":"selectedCarId","loc":{"start":{"line":10,"column":4},"end":{"line":10,"column":25}},"decorator":"track"},{"type":"method","name":"wiredCars","loc":{"start":{"line":12,"column":4},"end":{"line":19,"column":5}},"decorator":"wire"},{"type":"method","name":"showToast","loc":{"start":{"line":21,"column":4},"end":{"line":28,"column":5}}},{"type":"method","name":"carSelectHandler","loc":{"start":{"line":30,"column":4},"end":{"line":33,"column":5}}},{"type":"property","name":"carsFound","loc":{"start":{"line":35,"column":4},"end":{"line":40,"column":5}}}],"exports":[{"type":"ExportDefaultDeclaration"}]},"updatedAt":"2022-02-24T16:57:55.265Z"},{"_allAttributes":null,"_properties":null,"_methods":null,"file":"c:/Users/crfilho/OneDrive - Capgemini/Documents/Academy Project/LWCrentCar/force-app/main/default/lwc/carTile/carTile.js","metadata":{"decorators":[{"type":"api","targets":[{"type":"property","name":"car","value":{"type":"unresolved"}},{"type":"property","name":"carSelectedId","value":{"type":"unresolved"}}]},{"type":"wire","targets":[{"name":"pageRef","adapter":{"name":"CurrentPageReference","reference":"lightning/navigation"},"type":"property"}]}],"declarationLoc":{"start":{"line":5,"column":0},"end":{"line":28,"column":1}},"classMembers":[{"type":"property","name":"car","loc":{"start":{"line":6,"column":4},"end":{"line":6,"column":13}},"decorator":"api","value":{"type":"unresolved"}},{"type":"property","name":"carSelectedId","loc":{"start":{"line":7,"column":4},"end":{"line":7,"column":23}},"decorator":"api","value":{"type":"unresolved"}},{"type":"property","name":"pageRef","loc":{"start":{"line":9,"column":4},"end":{"line":9,"column":40}},"decorator":"wire"},{"type":"method","name":"handleCarSelect","loc":{"start":{"line":11,"column":4},"end":{"line":20,"column":5}}},{"type":"property","name":"isCarSelected","loc":{"start":{"line":22,"column":4},"end":{"line":27,"column":5}}}],"exports":[{"type":"ExportDefaultDeclaration"}]},"updatedAt":"2022-02-24T16:57:55.271Z"}]