<?xml version="1.0" encoding="UTF-8"?>
<FlexiPage xmlns="http://soap.sforce.com/2006/04/metadata">
    <flexiPageRegions>
        <componentInstances>
            <componentName>carSearch</componentName>
        </componentInstances>
        <name>region1</name>
        <type>Region</type>
    </flexiPageRegions>
    <flexiPageRegions>
        <componentInstances>
            <componentName>carDetails</componentName>
        </componentInstances>
        <componentInstances>
            <componentName>carLocation</componentName>
        </componentInstances>
        <name>region2</name>
        <type>Region</type>
    </flexiPageRegions>
    <flexiPageRegions>
        <name>region3</name>
        <type>Region</type>
    </flexiPageRegions>
    <masterLabel>Rent A Car</masterLabel>
    <template>
        <name>flexipage:appHomeTemplateTwoColumnsStacked</name>
    </template>
    <type>AppPage</type>
</FlexiPage>
