[{"_allAttributes":null,"_properties":null,"_methods":null,"file":"c:/Users/crfilho/OneDrive - Capgemini/Documents/Academy Project/LWCrentCar/force-app/main/default/lwc/rentACar/rentACar.js","metadata":{"decorators":[],"declarationLoc":{"start":{"line":3,"column":0},"end":{"line":3,"column":57}},"classMembers":[],"exports":[{"type":"ExportDefaultDeclaration"}]},"updatedAt":"2022-02-22T12:41:52.389Z"},{"_allAttributes":null,"_properties":null,"_methods":null,"file":"c:/Users/crfilho/OneDrive - Capgemini/Documents/Academy Project/LWCrentCar/force-app/main/default/lwc/addCarExperience/addCarExperience.js","metadata":{"decorators":[{"type":"api","targets":[{"type":"property","name":"carId","value":{"type":"unresolved"}}]}],"declarationLoc":{"start":{"line":9,"column":0},"end":{"line":48,"column":1}},"classMembers":[{"type":"property","name":"carId","loc":{"start":{"line":11,"column":4},"end":{"line":11,"column":15}},"decorator":"api","value":{"type":"unresolved"}},{"type":"property","name":"expTitle","loc":{"start":{"line":13,"column":4},"end":{"line":13,"column":17}}},{"type":"property","name":"expDescription","loc":{"start":{"line":14,"column":4},"end":{"line":14,"column":23}}},{"type":"method","name":"handleTitleChange","loc":{"start":{"line":15,"column":4},"end":{"line":17,"column":5}}},{"type":"method","name":"handleDescriptionChange","loc":{"start":{"line":19,"column":4},"end":{"line":21,"column":5}}},{"type":"method","name":"addExperience","loc":{"start":{"line":23,"column":4},"end":{"line":38,"column":5}}},{"type":"method","name":"showToast","loc":{"start":{"line":40,"column":4},"end":{"line":47,"column":5}}}],"exports":[{"type":"ExportDefaultDeclaration"}]},"updatedAt":"2022-02-23T00:25:14.151Z"}]